hs_recruit_ranking,name
1,Zach Randolph
2,Eddie Griffin
3,Darius Miles
4,Gerald Wallace
5,Marcus Taylor 
6,DeShawn Stevenson
7,Chris Duhon
8,Mario Austin
9,Jared Jeffries
10,Taliek Brown 
11,Andre Brown
12,Omar Cook
13,Jerome Harper
14,Alton Ford
15,Andre Barrett
16,Darius Rice 
17,Abdou Diame 
18,Imari Sawyer 
19,Cedrick Banks 
20,Rolando Howell 
21,Travon Bryant 
22,Justin Reed
23,Chris Wilcox
24,Brian Morrison 
25,Orien Greene
26,Marcus Toney-El 
27,Glen Worley 
28,T.J. Cummings 
29,Desmon Farmer
30,Nick Anderson 
31,Garner Meads 
32,Rickey Paulding 
33,Adam Boone 
34,Mike Sweetney
35,Scott Hazelton 
36,Cliff Hawkins 
37,Ivan McFarlin
38,Scooter Sherrill 
39,Herve Lamizana 
40,Brian Boddicker 
41,Jared Reiner
42,Jason Parker 
43,Arthur Johnson 
44,Terrence Crawford 
45,Michael Joiner 
46,Luke Whitehead 
47,Caron Butler
48,Eddie Starks 
49,Brandon Brooks 
50,Brandon Mouton 
51,Brett Buscher 
52,Mohamed Diakite 
53,Romain Sato 
54,Neil Fingleton 
55,Kendall Dartez 
56,A.J. Moye 
57,Maurice Young 
58,Jake Sullivan 
59,Demetrius Smith 
60,Matt Lottich 
61,Marvin Lewis 
62,Modibo Diarra 
63,Kyle Cuffe 
64,Omar Weaver
65,Avery Queen 
66,James Thomas
67,Bernard Robinson
68,Scooter McFadgon 
69,Luke Ridnour
70,JueMichael Young 
71,Dwon Clifton 
72,Andrew Zahn 
73,Wesley Stokes 
74,Jeff McMillan 
75,Billy Richmond 
76,Tony Stockman 
77,Nick Smith 
78,Liberto Tetimadingar 
79,Johnnie Gilbert 
80,Keith Triplett 
81,Julian Sensley 
82,Lou Wright 
83,Derrick Snowden 
84,Antonio Hargrove
85,Scott Merritt 
86,Brandon Crump 
87,Chris Daniels 
88,Taurance Johnson 
89,Timmy Bowers 
90,Dave Holmes 
91,Tory Reed 
92,Maurice Searight 
93,Yamar Diene 
94,Patrick Dennehy 
95,Mike Bell 
96,Barry Thompson 
97,Omari Westley 
98,Gerald Riley 
99,Marcus Melvin 
100,Jimmy Baxter 
1,Eddy Curry
2,Kelvin Torbert 
3,Dajuan Wagner
4,Tyson Chandler
5,Ousmane Cisse
6,Kwame Brown
7,Julius Hodge
8,DeSagana Diop
9,Rick Rickert 
10,David Lee
11,Jawad Williams
12,Carlos Hurt 
13,Jonathan Hargett 
14,David Harrison
15,Aaron Miles
16,Mo Williams
17,T.J. Ford
18,Josh Childress
19,Cedric Bozeman
20,Wayne Simien
21,Rashaad Carruth 
22,James White
23,Jamal Sampson
24,John Allen 
25,Jackie Manuel 
26,JaQuan Hart 
27,Anthony Richardson 
28,Dijon Thompson
29,Daniel Ewing
30,Alan Anderson
31,Dennis Latimore 
32,Pierre Pierce 
33,Jason Maxiell
34,Chris Thomas 
35,Robert Whaley
36,Billy Edelin 
37,Melvin Scott 
38,Elton Brown 
39,Andre Patterson 
40,Travis Diener
41,Ben Gordon
42,Julian Sensley 
43,Dommanic Ingerson 
44,Brandon Bender 
45,Brandon Fuss-Cheatham 
46,Chuck Hayes
47,Earnest Shelton 
48,Charles Frederick 
49,Ed Nelson 
50,Jamaal Levy 
51,Quemont Greer 
52,Keith Jackson 
53,Marco Killingsworth 
54,Will Bynum
55,Tony Key
56,Joshua Tinch 
57,Chey Christie 
58,Najeeb Echols 
59,Dwayne Mitchell 
60,Levi Watkins 
61,Matt Sylvester 
62,Roger Powell
63,Harvey Thomas 
64,Levar Seals 
65,Josh Powell
66,Marcellus Sommerville 
67,Duane John 
68,Errick Craven 
69,Salim Stoudamire
70,Rob Little 
71,Larry Turner 
72,Anthony Vasser
73,Marcus Spears
74,Isma'Il Muhammad 
75,Marcus Campbell 
76,Anthony Rice 
77,Winsome Frazier 
78,Jamaal Williams 
79,Craig Forth 
80,Erroll Knight 
81,Ernest Turner 
82,Taurance Johnson 
83,Mitchell Baldwin 
84,Eddie Basden
85,Vytas Danelius 
86,Jermaine Watson 
87,Channing Frye
88,Lawrence Roberts
89,Derek Stribling 
90,Mike Jensen 
91,Keith Langford
92,Jason Clark 
93,Jason Braxton 
94,Chris Hernandez 
95,Marcus Austin 
96,Terry Licorish
97,B.J. Elder 
98,Carl Krauser 
99,Emeka Okafor
100,Michael Fey 
1,Amar'e Stoudemire
2,Carmelo Anthony
3,Raymond Felton
4,Rashad McCants
5,Jason Fraser 
6,Chris Bosh
7,Paul Davis
8,Shelden Williams
9,Sean May
10,DeAngelo Collins
11,J.J. Redick
12,Bracey Wright
13,Evan Burns 
14,Shavlik Randolph
15,Daniel Horton 
16,Anthony Roberson
17,Chris Rodgers 
18,Antoine Wright
19,Dee Brown
20,Hassan Adams
21,Sean Dockery 
22,Brad Buckman 
23,Sani Ibrahim
24,Rashad Anderson 
25,Bryan Hopkins 
26,Lenny Cooke
27,Andre Iguodala
28,Elijah Ingram 
29,Travis Garrison 
30,Michael Thompson
31,Kelenna Azubuike
32,Kevin Bookout 
33,Kennedy Winston 
34,Denham Brown 
35,Jimmy McKinney 
36,Eric Williams 
37,Torin Francis 
38,Gerry McNamara 
39,Allan Ray
40,Matt Walsh
41,Alexander Johnson
42,Curtis Sumpter 
43,John Gilchrist 
44,Antonio Lawrence 
45,Brandon Roy
46,Jarrett Jack
47,De'Angelo Alexander 
48,Deron Williams
49,Lester Abram 
50,Greg Brunner 
51,Ike Diogu
52,Matt Trannon 
53,Mario Boggan 
54,Maurice Ager
55,Eric Hicks 
56,Randy Foye
57,Steve Novak
58,Derrick Byars
59,Jeff Horner 
60,Chris McCray
61,Justin Gray 
62,Julius Lamptey
63,Marshall Strickland 
64,Robert Hite
65,Taquan Dean 
66,Keith Butler 
67,Curtis Withers 
68,J.R. Morris 
69,Rick Billings 
70,Chadd Moore 
71,Francisco Garcia
72,Jeremy Hunt 
73,Matt Haryasz 
74,Adam Haluska 
75,Chris Quinn
76,Aliou Kane 
77,Yusuf Baker 
78,James Augustine
79,Chuck Davis 
80,Greg Brown 
81,Marcus White 
82,Trent Strickland 
83,Vincent Grier 
84,Almamy Thiero 
85,Cameron Bennerman 
86,C.J. Watson
87,Aaron Spears 
88,Josh Rhodes
89,Marquise Kately 
90,Boo Wade 
91,Matt Kiefer 
92,Mario Moore 
93,Kevin Young 
94,Gary Ervin 
95,Dedrick Finn 
96,Nik Caner-Medley 
97,Bobby Jones
98,Wes Wilkinson 
99,Tyler Smith 
100,John Winchester 
1,LeBron James
2,Luol Deng
3,Shannon Brown
4,Ndudi Ebi
5,Kendrick Perkins
6,Chris Paul
7,David Padgett 
8,Brian Butch
9,Leon Powe
10,Kris Humphries
11,Von Wafer
12,Brandon Bass
13,Olu Famutimi 
14,Travis Outlaw
15,Linas Kleiza
16,J.R. Giddens
17,Mike Jones 
18,Charlie Villanueva
19,Trevor Ariza
20,James Lang
21,Drew Lavender 
22,Dion Harris 
23,Brandon Cotton 
24,Regis Koundjia 
25,Mustafa Shakur
26,Ivan Harris 
27,Ekene Ibekwe 
28,Rich McBride 
29,Chris Taft
30,Jackie Butler
31,Demetris Nichols
32,Aaron Brooks
33,Sean Banks 
34,Darryl Watkins
35,Ayinde Ubaka 
36,Rodrick Stewart 
37,Tack Minor 
38,Thomas Gardner
39,Gary Forbes
40,Ronnie Brewer
41,Marcus Williams
42,Terrence Roberts 
43,Chris Richard
44,Martin Iti 
45,Will Sheridan 
46,Mohamed Abukar 
47,Brandon Jenkins 
48,Shagari Alleyne 
49,Alexander Johnson
50,Gary Ervin 
51,Drew Naymick 
52,Courtney Sims
53,Brian Randle 
54,Cartier Martin
55,Omar Wilkes 
56,Lodrick Stewart 
57,Brandon Foust 
58,Corey Gibbs 
59,Major Wingate 
60,Reyshawn Terry 
61,J.R. Reynolds 
62,Brent Petway 
63,Art Bowers 
64,Dorell Wright
65,Mike Nardi 
66,Paul Millsap
67,Jeremy Ingram 
68,Jermareo Davidson
69,Guillermo Diaz
70,Dwight Brewington 
71,Dameon Mason 
72,Kenny Harris 
73,Wesley Green 
74,Darian Townes 
75,Lorrenzo Wade 
76,Dez Willingham 
77,Hassan Fofana 
78,Marquise Kately 
79,P.J. Tucker
80,Vincent Banks
81,Renaldo Balkman
82,Wesley Washington 
83,Tim Morris 
84,Sammy Mejia 
85,Lawrence McKenzie 
86,Matt Causey 
87,Keith Wooden 
88,Brandon Wallace 
89,Omari Isreal 
90,Ryan Appleby 
91,Gerald Brown 
92,Daon Merritt 
93,Devon Evertsen 
94,Will Blalock
95,Josh Boone
96,Sylvester Mayes 
97,Patrick Ewing
98,Karron Clarke 
99,Shawn Taylor 
100,Longar Longar 
1,Dwight Howard
2,Shaun Livingston
3,Al Jefferson
4,Josh Smith
5,Rudy Gay
6,Sebastian Telfair
7,Marvin Williams
8,Robert Swift
9,Malik Hairston
10,Randolph Morris
11,Glen Davis
12,LaMarcus Aldridge
13,D.J. White
14,Joe Crawford
15,Darius Washington
16,Juan Palacios 
17,Jawann McClellan 
18,DeMarcus Nelson
19,Daniel Gibson
20,Jordan Farmar
21,Rajon Rondo
22,Mike Williams 
23,J.R. Smith
24,A.J. Price
25,Corey Brewer
26,Arron Afflalo
27,Jason Rich 
28,Marquise Gray 
29,Kyle Lowry
30,Robert Vaden 
31,Russell Robinson 
32,Roy Bright 
33,Gabe Pruitt
34,Cedric Simmons
35,Shawne Williams
36,Josh Wright 
37,Greg Stiemsma
38,Ronald Steele 
39,Bryce Taylor 
40,Brian Johnson 
41,Isaiah Swann 
42,Dorell Wright
43,Sasha Kaun
44,Steven Hill
45,Jason Horton 
46,Sean Singletary
47,Marshall Brown 
48,Al Horford
49,Dion Dowell 
50,James Gist 
51,Justin Cerasoli 
52,Ra'Sean Dickey 
53,JamesOn Curry
54,Drew Neitzel 
55,Quentin Thomas 
56,Churchill Odia 
57,Josh Shipp 
58,Charles Rhodes 
59,Charles Thomas 
60,Andrew Brackman 
61,Marquie Cooke 
62,Shan Foster 
63,Kalen Grimes 
64,Andray Blatche
65,Dayshawn Wright 
66,Mohamed Tangara 
67,Alex Galindo 
68,Darnell Jackson
69,C.J. Giles 
70,Jamar Butler 
71,David McClure 
72,Joakim Noah
73,Lee Cummard 
74,Jeremis Smith 
75,Josh Heytvelt
76,A.J. Ratliff 
77,Shaun Pruitt 
78,Gavin Grant 
79,Albert Weber 
80,Keith Benjamin 
81,DeSean White 
82,Ron Coleman 
83,Walter Sharpe
84,Zam Fredrick 
85,Devon Hardin
86,Maarty Leunen
87,David Pendergraft 
88,Lorrenzo Wade 
89,Nick Young
90,Anthony Morrow
91,DeAaron Williams 
92,James Hardy 
93,Rahshon Clark 
94,Brian Laing 
95,Sam Perry 
96,Longar Longar 
97,Alex Thompson 
98,Channing Toney 
99,Jackie Butler
100,Toney Douglas
1,Josh McRoberts
2,Monta Ellis
3,Martell Webster
4,Tyler Hansbrough
5,Louis Williams
6,Julian Wright
7,Richard Hendrix 
8,Tasmin Mitchell 
9,Mario Chalmers
10,Andrew Bynum
11,Keith Brumbaugh
12,C.J. Miles
13,Greg Paulus 
14,Amir Johnson
15,Danny Green
16,Gerald Green
17,Jon Brockman
18,Andray Blatche
19,Brandon Costner 
20,Byron Eaton 
21,Micah Downs 
22,Eric Devendorf 
23,Brandon Rush
24,Korvotney Barber 
25,Lewis Clinch 
26,Jamont Gordon 
27,Shawne Williams
28,Joe Krabbenhoft 
29,Marcus Ginyard 
30,Marcus Williams
31,Bobby Frasor 
32,J.P. Prince 
33,Magnum Rolle 
34,Luke Zeller
35,Courtney Fells
36,Theo Davis 
37,Dominic James 
38,Mike Mercer 
39,Fendi Onobun 
40,Eric Boateng 
41,Chris Douglas-Roberts
42,Uche Echefu 
43,Tiki Mayben 
44,Terrence Williams
45,Roderick Flemings 
46,Ryan Wright 
47,Tyler Smith 
48,Vernon Goodridge
49,Davon Jefferson 
50,Devan Downey 
51,Marcus Johnson 
52,Alonzo Gee
53,Martynas Pocius 
54,Jeff Adrien
55,Kevin Rogers 
56,Wilson Chandler
57,Jerel McNeal
58,Shawn Taggart 
59,Sam Young
60,Jamal Boykin 
61,Wesley Matthews
62,Bryan Harvey 
63,Derwin Kitchen 
64,Reginald Delk 
65,Wink Adams 
66,Antonio Anderson
67,Leo Lyons 
68,Terrel Harris
69,Dior Lowhorn 
70,Brian Asbury 
71,Tyrell Biggs 
72,Tyree Evans 
73,David Weaver 
74,Ricky Sanchez
75,Danny Williams
76,Kevin Swinton 
77,Andre McGee 
78,Rashad Woods 
79,Alade Aminu
80,Casaan Breeden 
81,Alfred Aboya 
82,Martellus Bennett 
83,A.J. Abrams 
84,Jeremy Pargo
85,Cyrus McGowan 
86,Gary Flowers 
87,JR Inman 
88,Nate Minnoy 
89,K.C. Rivers 
90,Terry Martin
91,Kenneth Cooper 
92,Lawrence Hill 
93,Levance Fields 
94,Adrian Thomas 
95,Denis Clemente 
96,Austin Johnson 
97,Ryan Ayers 
98,Darren Collison
99,Jared Carter 
100,Kendric Price 
1,Greg Oden
2,Kevin Durant
3,Brandan Wright
4,Spencer Hawes
5,Ty Lawson
6,Thaddeus Young
7,Chase Budinger
8,Wayne Ellington
9,Brook Lopez
10,Gerald Henderson
11,Darrell Arthur
12,Javaris Crittenton
13,Daequan Cook
14,Sherron Collins
15,Damion James
16,Vernon Macklin
17,Derrick Caracter
18,Stanley Robinson 
19,Robin Lopez
20,Lance Thomas
21,Mike Conley
22,Duke Crews 
23,Paul Harris 
24,Earl Clark
25,Brian Zoubek 
26,DaJuan Summers
27,Quincy Pondexter
28,Jon Scheyer 
29,D.J. Augustin
30,Curtis Kelly 
31,David Lighty 
32,Deshawn Sims 
33,Ramar Smith 
34,Raymar Morgan 
35,Obi Muonelo 
36,Jerome Dyson
37,Scottie Reynolds 
38,James Keefe 
39,Alex Stepheson
40,Davon Jefferson 
41,Willie Kemp 
42,Jason Bennett 
43,Deon Thompson 
44,Mike Jones 
45,Jerry Smith
46,Taj Gibson
47,Patrick Christopher
48,Tom Herzog 
49,Brian Carlwell 
50,Jamie Skeen 
51,Jon Kreft 
52,Derrick Jasper 
53,Mike Washington 
54,Wayne Chism 
55,Doug Wiggins 
56,Edgar Sosa
57,Perry Stevenson 
58,Jodie Meeks
59,Anthony Gurley 
60,Tyler Smith 
61,Marreese Speights
62,Jason Bohannon 
63,Bryan Davis 
64,Hasheem Thabeet
65,Matt Bouldin 
66,Jamil Tucker 
67,Isaiah Dahlman 
68,Keith Clark 
69,Tweety Carter 
70,Nigel Munson 
71,Phil Nelson 
72,Pierre Niles 
73,Eugene Harvey 
74,Mamadou Diarra 
75,Antonio Pena 
76,Patrick Beverley
77,Jarvis Varnado
78,Marques Johnson 
79,William Graves 
80,Adrian Oliver 
81,Leon Freeman
82,Dexter Pittman
83,Luke Harangody
84,Doneal Mack 
85,Josue Soto 
86,Jeff Allen 
87,Jonathan Mitchell 
88,Trevon Hughes 
89,Taylor Harrison 
90,Donald Sloan
91,Gilbert Brown 
92,Solomon Tat 
93,Greivis Vasquez
94,Dan Werner 
95,Jeremy Mayfield 
96,Cameron Tatum 
97,Daniel Deane 
98,Hamady N'Diaye
99,Da'Sean Butler 
100,Adrion Graves 
1,O.J. Mayo
2,Kevin Love
3,Eric Gordon
4,Michael Beasley
5,Derrick Rose
6,Kyle Singler
7,Jerryd Bayless
8,Donte Greene
9,J.J. Hickson
10,Patrick Patterson
11,Nick Calathes
12,Kosta Koufos
13,DeAndre Jordan
14,Austin Freeman 
15,Anthony Randolph
16,Blake Griffin
17,James Harden
18,Nolan Smith
19,Gani Lawal
20,Jonny Flynn
21,Corey Fisher 
22,Cole Aldrich
23,E'Twaun Moore
24,Solomon Alabi
25,Jamelle Horne 
26,Corey Stokes 
27,Taylor King 
28,James Anderson
29,Gary Johnson 
30,Durrell Summers 
31,Chris Wright
32,Herb Pope 
33,Jai Lucas 
34,Austin Daye
35,Kalin Lucas
36,DeJuan Blair
37,Lacedarius Dunn 
38,Alex Legion 
39,Chandler Parsons
40,Chris Allen 
41,Dar Tucker 
42,Manny Harris
43,Scott Martin 
44,Senario Hillman 
45,Mac Koshwal
46,James Johnson
47,JaJuan Johnson
48,Jeff Robinson 
49,Matthew Bryan-Amaning 
50,Scoop Jardine
51,Craig Brackins
52,Evan Turner
53,Alex Tyus 
54,Rico Pickett 
55,Jeff Teague
56,Chris Wright
57,Jon Diebler
58,Anthony McClain 
59,Chace Stanback
60,Rick Jackson
61,Robbie Hummel
62,Marcus Morris
63,Tyrel Reed 
64,Tracy Smith 
65,Demetri McCamey 
66,Jeff Jones 
67,Rakim Sanders 
68,Corey Chandler 
69,Braxton Dupree 
70,Bill Walker
71,Dorenzo Hudson 
72,Eddie Rios 
73,Julian Vaughn 
74,Malcolm Delaney
75,Dallas Lauderdale 
76,Jason Henry 
77,Gus Gilchrist 
78,Dominique Sutton 
79,Beas Hamga 
80,Jeremy Price 
81,Justin Burrell 
82,Clint Chapman
83,Jeff Allen 
84,George Goode 
85,Jeff Brooks 
86,Ravern Johnson 
87,Maurice Miller 
88,Jon Leuer
89,Brad Wanamaker
90,Eli Holman 
91,Trevor Mbakwe
92,Markieff Morris
93,Brandon McGee 
94,Martavius Adams 
95,Darnell Gant 
96,Mike Holmes 
97,Mamadou Diarra 
98,Tyrone Shelley 
99,Leonard Washington 
100,Steven Gray 
1,Brandon Jennings
2,Jrue Holiday
3,Tyreke Evans
4,Samardo Samuels
5,DeMar DeRozan
6,Greg Monroe
7,Al-Farouq Aminu
8,Byron Mullens
9,Ed Davis
10,Delvon Roe 
11,Scotty Hopson
12,William Buford 
13,Willie Warren
14,Chris Singleton
15,Kemba Walker
16,Elliot Williams
17,JaMychal Green
18,Tyler Zeller
19,Luke Babbitt
20,Malcolm Lee
21,DeQuan Jones
22,Michael Dunigan
23,Iman Shumpert
24,Trey Thompkins
25,J'Mison Morgan 
26,Eloy Vargas
27,Rashanti Harris
28,Jeff Withey
29,Drew Gordon
30,Devin Ebanks
31,Yancy Gates 
32,Mike Rosario 
33,Sylven Landesberg 
34,DeAndre Liggins
35,Kenny Kadji
36,Darius Miller
37,Ty Walker 
38,Wesley Witherspoon 
39,Tony Mitchell
40,Anthony Jones 
41,Jerime Anderson 
42,Tony Woods 
43,Emmanuel Negedu 
44,Larry Drew
45,Romero Osby
46,Mookie Jones 
47,Kevin Jones
48,Kenny Frease 
49,Travis Releford
50,Sean Mosley 
51,Henry Sims
52,John Riek 
53,Terrelle Pryor
54,Angel Garcia 
55,Xavier Gibson
56,Kris Joseph
57,Terrence Jennings 
58,Klay Thompson
59,J'Covan Brown
60,D.J. Seeley
61,Ray Shipman 
62,Jason Clark 
63,Marcus Morris
64,Ralph Sampson
65,Catalin Baciu 
66,Olek Czyz 
67,Markieff Morris
68,Elston Turner 
69,Scott Suggs
70,Renaldo Woolridge
71,Chris Braswell 
72,Storm Warren 
73,Tyshawn Taylor
74,Terrance Henry 
75,Ater Majok
76,Allan Chaney 
77,Matt Simpkins 
78,Erving Walker 
79,Courtney Fortson
80,Miles Plumlee
81,David Loubeau 
82,Anthony Booker 
83,Latavious Williams
84,Nasir Robinson 
85,Rotnei Clarke 
86,Korie Lucious
87,Nick Williams 
88,Matt Gatens 
89,Quintrell Thomas 
90,Nate Miles
91,Cashmere Wright 
92,Gregory Echenique
93,Paul Williams 
94,Jeff Taylor
95,Draymond Green
96,Devoe Joseph 
97,Roscoe Davis
98,Delwan Graham 
99,Anthony Crater 
100,Jared Berggren
1,Derrick Favors
2,John Wall
3,DeMarcus Cousins
4,Avery Bradley
5,John Henson
6,Xavier Henry
7,Renardo Sidney 
8,Lance Stephenson
9,Kenny Boynton 
10,Tiny Gallon 
11,Abdul Gaddy
12,Mouphtaou Yarou 
13,Dante Taylor 
14,Ryan Kelly
15,Wally Judge 
16,Alex Oriakhi
17,Michael Snaer
18,Mason Plumlee
19,Dominic Cheek 
20,Daniel Orton
21,Milton Jennings 
22,Jordan Hamilton
23,Maalik Wayns
24,Dexter Strickland
25,Elijah Johnson
26,Lorenzo Brown
27,Peyton Siva
28,Thomas Robinson
29,John Jenkins
30,Tommy Mason-Griffin 
31,Royce White
32,Tyler Honeycutt
33,Durand Scott
34,Mfon Udofia 
35,D.J. Richardson 
36,Aaric Murray 
37,David Wear
38,Travis Wear
39,Ari Stewart 
40,Jamil Wilson
41,Nolan Dennis 
42,Noel Johnson 
43,Erik Murphy
44,Leslie McDonald 
45,Christian Watford
46,Rodney Williams
47,Junior Cadougan
48,Kawhi Leonard
49,Brandon Paul
50,Jamal Coombs-McDaniel 
51,Ray Penn 
52,Eric Bledsoe
53,Kyryl Natyazhko 
54,Rakeem Buckles 
55,Shawn Williams 
56,Solomon Hill
57,Mike Moser 
58,Maurice Creek 
59,Terrell Vinson 
60,Richard Howell
61,Zeke Marshall
62,Kenny Hall 
63,Karron Johnson
64,Jon Hood 
65,Brendan Lane 
66,Isaiah Armwood 
67,Erik Williams 
68,Tristan Spurlock 
69,Roberto Nelson 
70,Reginald Buckner 
71,Roger Franklin 
72,Marshawn Powell 
73,Jeronne Maymon 
74,Lakeem Jackson 
75,Jordan Hulls 
76,Hollis Thompson
77,Dalton Pepper 
78,Kammeon Holsey 
79,Latavious Williams
80,Deshawn Painter 
81,Andrew Fitzgerald 
82,John Riek 
83,Anthony Marshall
84,MoMo Jones 
85,DaShonte Riley 
86,Devin Booker
87,Talib Zanna
88,Derrick Nix 
89,Keith Clanton
90,Donnavan Kirk 
91,Glen Rice
92,Cory Jefferson
93,Tony Mitchell
94,Clarence Trent 
95,Cadarian Raines 
96,Rashanti Harris
97,Chris Colvin 
98,Aaron Dotson 
99,Khris Middleton
100,Derrick Williams
1,Harrison Barnes
2,Kyrie Irving
3,Jared Sullinger
4,Brandon Knight
5,Tobias Harris
6,Josh Selby
7,Enes Kanter
8,Perry Jones
9,Tristan Thompson
10,Will Barton
11,Terrence Jones
12,C.J. Leslie
13,Cory Joseph
14,Fab Melo
15,Reggie Bullock
16,Joe Jackson
17,Deshaun Thomas
18,Joshua Smith
19,Patric Young
20,Tony Mitchell
21,Jelan Kendrick 
22,Ryan Harrow 
23,Ray McCallum
24,Jereme Richmond 
25,Kendall Marshall
26,Doron Lamb
27,Adreian Payne
28,Roscoe Smith
29,Trey Zeigler 
30,Meyers Leonard
31,Dion Waiters
32,Josh Hairston 
33,Terrence Ross
34,Keith Appling
35,Ian Miller 
36,Cameron Clark 
37,Justin Coleman 
38,Dwight Powell
39,Tyler Lamb 
40,Jordan McRae
41,Phil Pressey
42,Nate Lubick 
43,Okaro White
44,Dominique Ferguson 
45,Luke Cothron
46,Jayvaughn Pinkston 
47,K.T. Harrell 
48,Vander Blue
49,Travis McKie 
50,Stacey Poole 
51,JT Terrell 
52,Casey Prather
53,Keala King 
54,Anthony Brown
55,Mychal Parker 
56,Lorenzo Brown
57,Gary Franklin 
58,James Johnson 
59,Tarik Black
60,Trevor Releford 
61,Damontre Harris 
62,Rion Brown 
63,Jordan Sibert
64,Gerard Coleman 
65,James Bell 
66,Carson Desrosiers 
67,J.J. Moore 
68,Noah Cottrill
69,Gorgui Dieng
70,Daniel Bejarano 
71,Allen Crabbe
72,Mike Cobbins
73,Bruce Ellington 
74,Jamail Jones 
75,Shabazz Napier
76,Crandall Head 
77,Jason Morris 
78,Jeremy Lamb
79,Juwan Staten
80,Evan Smotrycz 
81,Rod Odom 
82,Bryce Dejean-Jones
83,Kadeem Jack
84,Terone Johnson 
85,Matt Derenbecker 
86,Trae Golden 
87,Justin Martin 
88,Cody Larson 
89,Jarell Eddie
90,Keith Davis 
91,Dwayne Polee 
92,Russell Byrd 
93,Melvin Tabb 
94,Markel Starks 
95,Evan Anderson 
96,C.J. Fair
97,Demarco Cox 
98,C.J. Aiken
99,Alex Kirk
100,Ralston Turner 
1,Anthony Davis
2,Austin Rivers
3,Michael Kidd-Gilchrist
4,Bradley Beal
5,Quincy Miller
6,James Michael McAdoo
7,Marquis Teague
8,Le'Bryan Nash
9,Adonis Thomas
10,Cody Zeller
11,Khem Birch
12,P.J. Hairston
13,Myck Kabongo
14,Josiah Turner 
15,Kentavious Caldwell-Pope
16,Jabari Brown
17,Branden Dawson
18,Tony Wroten
19,Kyle Wiltjer
20,B.J. Young
21,Rakeem Christmas
22,Dorian Finney-Smith
23,Nick Johnson
24,Chane Behanan 
25,Michael Carter-Williams
26,Wayne Blackshear 
27,Rodney Hood
28,Michael Gbinije
29,Levi Randolph
30,Jahii Carson 
31,Quinn Cook
32,Shannon Scott
33,DeAndre Daniels
34,Otto Porter
35,Sir'Dominic Pointer
36,Trevor Lacey 
37,Adjehi Baru 
38,Maurice Harkless
39,Johnny O'Bryant
40,Jakarr Sampson
41,Ben McLemore
42,Rashad Madden 
43,Nick Faust 
44,LaQuinton Ross 
45,Dai-Jon Parker 
46,Sam Thompson
47,D'Angelo Harrison 
48,Sheldon McClellan
49,Alex Murphy 
50,Amir Williams 
51,Norvel Pelle
52,Jamal Branch 
53,Norman Powell
54,Dez Wells
55,Michael Chandler 
56,Deuce Bello 
57,Tyrone Johnson 
58,Zach Price 
59,Chris Jones 
60,Angelo Chol 
61,Marshall Plumlee
62,Aaron Thomas 
63,Chasson Randle
64,Ryan Boatright
65,Mike Shaw 
66,Myke Henry
67,Antwan Space 
68,Julien Lewis 
69,Tracy Abrams 
70,Jonathan Holmes
71,Hunter Mickelson 
72,Julian Royal 
73,Amir Garrett 
74,Malcolm Gilbert 
75,Kevin Ware 
76,Erik Copes 
77,Gary Bell 
78,Nnanna Egwu
79,Trevor Cooney 
80,Tyler Adams 
81,Myles Mack 
82,Juan Anderson
83,Joseph Uchebo 
84,Cezar Guerrero 
85,Jabarie Hinds 
86,Derrick Gordon 
87,Robert Brown 
88,D.J. Gardner
89,Sidiki Johnson 
90,Rodney Cooper 
91,Naadir Tharpe 
92,Deville Smith 
93,Shaquille Thomas 
94,Malcolm Brogdon
95,Kedren Johnson 
96,Bernard Sullivan 
97,Carlton Brundidge 
98,Mikael Hopkins 
99,Damien Leonard 
100,C.J. Barksdale 
1,Nerlens Noel
2,Shabazz Muhammad
3,Isaiah Austin 
4,Kyle Anderson
5,Steven Adams
6,Anthony Bennett
7,Kaleb Tarczewski
8,Alex Poythress
9,Marcus Smart
10,Archie Goodwin
11,Grant Jerrett
12,Rasheed Sulaimon
13,Ricky Ledo
14,Cameron Ridley 
15,Brandon Ashley
16,Gary Harris
17,Rodney Purvis
18,Dajuan Coleman 
19,Sam Dekker
20,Kris Dunn
21,Amile Jefferson
22,Devonta Pollard 
23,Glenn Robinson
24,Tony Parker 
25,Yogi Ferrell
26,Mitch McGary
27,T.J. Warren
28,Marcus Paige
29,Danuel House
30,Robert Carter 
31,Perry Ellis
32,Rico Gathers 
33,Winston Shepard 
34,Shaquille Cleare 
35,Shaq Goodwin 
36,Katin Reinhardt 
37,D'Vauntes Smith-Rivera
38,Willie Cauley-Stein
39,Omar Calhoun 
40,Brice Johnson
41,Jerami Grant
42,Adam Woodbury 
43,Tyler Lewis 
44,Daniel Ochefu
45,Jeremy Hollowell 
46,Cameron Biedscheid 
47,Gabe York
48,Justin Anderson
49,Semaj Christon
50,Josh Scott 
51,Hanner Mosquera-Perea 
52,Andrew White
53,Robert Upshaw
54,Braxton Ogbueze 
55,Ryan Arcidiacono
56,Dominic Artis 
57,J.P. Tokoto
58,Joel James 
59,Jordan Adams
60,Montay Brandon 
61,Elijah Macon 
62,Prince Ibeh 
63,James Robinson 
64,Danrad Knowles 
65,J'Mychal Reese 
66,L.J. Rose 
67,Xavier Johnson 
68,Jake Layman
69,Chris Obekpa
70,Jordan Price 
71,Georges Niang
72,Torian Graham
73,Rosco Allen 
74,Evan Nolte 
75,Codi Miller-McIntyre
76,Terry Rozier
77,A.J. Hammons
78,Nik Stauskas
79,JaKarr Sampson
80,Javan Felix 
81,Alex Caruso
82,Steve Taylor 
83,Savon Goodman 
84,Melvin Johnson 
85,Montrezl Harrell
86,Michael Frazier
87,Matt Costello
88,Mike Gesell 
89,Denzel Valentine
90,Arnaud William Adala Moto 
91,Marcus Georges-Hunt
92,Mike Tobey
93,Ronnie Johnson 
94,Anthony January
95,Tyrone Wallace
96,Kellen Dunham
97,Grant Verhoeven 
98,Kenny Kaminski 
99,Jordan Loveridge 
100,Aaron Thomas 
1,Andrew Wiggins
2,Julius Randle
3,Jabari Parker
4,Aaron Gordon
5,Andrew Harrison
6,Aaron Harrison
7,Chris Walker
8,Noah Vonleh
9,James Young
10,Dakari Johnson
11,Kasey Hill 
12,Jarell Martin
13,Wayne Selden
14,Isaiah Hicks
15,Bobby Portis
16,Joel Embiid
17,Rondae Hollis-Jefferson
18,Marcus Lee
19,Isaac Hamilton
20,Austin Nichols 
21,Jabari Bird
22,Robert Hubbs 
23,Tyler Ennis
24,Anthony 'Cat' Barber
25,Jermaine Lawrence 
26,Rysheed Jordan 
27,Keith Frazier 
28,Nigel Williams-Goss
29,Zak Irvin 
30,Kuran Iverson 
31,JaJuan Johnson 
32,Semi Ojeleye
33,Demetrius Jackson
34,Matt Jones
35,Sindarius Thornwell
36,Brannen Greene 
37,Tyler Roberson 
38,Jordan Mickey
39,Eric Mika
40,Nick King
41,Conner Frankamp 
42,Johnathan Williams
43,Xavier Rathan-Mayes
44,Derrick Walton
45,Christian Wood
46,Roddy Peters 
47,Moses Kingsley 
48,Brandon Austin
49,Zach LaVine
50,Anton Gill 
51,Troy Williams
52,Matt Thomas
53,Terry Rozier
54,Deonte Burton
55,Devin Williams
56,Kennedy Meeks
57,Kendrick Nunn
58,Ish Wainright 
59,Duane Wilson 
60,John Egbunu
61,Stanford Robinson 
62,Allerik Freeman 
63,Kendall Stephens 
64,Karviar Shepherd 
65,Beejay Anya 
66,Marc Loving
67,Jimmie Taylor 
68,Detrick Mostella 
69,Nick Emery 
70,Malcolm Hill 
71,Luke Fischer 
72,Stevie Clark 
73,Jordan Bell
74,Tim Quarterman
75,Reggie Cameron 
76,Kam Williams 
77,V.J. Beachem
78,Kris Jenkins 
79,Bronson Koenig
80,Mamadou Ndiaye 
81,Markel Crawford
82,Damian Jones
83,Dominic Woodson 
84,Bryson Scott 
85,Aquille Carr
86,Michael Young
87,Wes Clark 
88,Akoy Agau 
89,Frank Mason
90,Kentan Facey 
91,Zena Edosomwan 
92,Dakarai Allen 
93,Nate Britt 
94,Josh Hart
95,Anthony January
96,Marcus Allen 
97,Pookie Powell 
98,Brandon Randolph 
99,Kyle Washington 
100,Tre'Shaun Fletcher 
1,Jahlil Okafor
2,Emmanuel Mudiay
3,Stanley Johnson
4,Cliff Alexander
5,Karl-Anthony Towns
6,Myles Turner
7,Tyus Jones
8,Kelly Oubre
9,Justin Jackson
10,Rashad Vaughn
11,Kevon Looney
12,Trey Lyles
13,Justise Winslow
14,Isaiah Whitehead
15,Theo Pinson
16,D'Angelo Russell
17,Daniel Hamilton
18,Tyler Ulis
19,Chris McCollough
20,James Blackmon
21,Devin Robinson
22,Dwayne Morgan 
23,Devin Booker
24,Grayson Allen
25,Shaqquan Aaron 
26,Joel Berry
27,Kameron Chatman 
28,Isaac Copeland 
29,Keita Bates-Diop
30,JaQuan Lyle 
31,Brandone Francis 
32,Goodluck Okonoboh 
33,Thomas Welsh
34,Melo Trimble
35,Reid Travis 
36,Jonah Bolden
37,Quentin Snider 
38,Trevon Bluiett
39,Terry Larrier
40,Craig Victor 
41,Jordan McLaughlin
42,Angel Delgado
43,JaQuan Newton 
44,Parker Jackson-Cartwright 
45,Abdul-Malik Abu 
46,Leron Black 
47,Robert Johnson
48,Malik Pope 
49,Chris Chiozza
50,Jakeenan Gant
51,Paul White 
52,Kaleb Joseph 
53,Dion Wiley 
54,Jae'Sean Tate 
55,T.J. Haws 
56,Elbert Robinson 
57,Brekkott Chapman 
58,Alex Robinson
59,Michael Humphrey 
60,Josh Perkins
61,Ahmed Hill
62,L.J. Peak
63,Caleb Martin
64,Chinanu Onuaku
65,Devonte Graham
66,Paschal Chukwu 
67,Jaylen Johnson
68,Jared Terrell
69,Robert Cartwright 
70,Cody Martin
71,Elijah Stewart
72,Justin Coleman 
73,Ronnie Harrell 
74,Dominic Magee 
75,Sandy Cohen 
76,Jalen Lindsey 
77,Trey Kell 
78,Lourawls Nairn 
79,Zylan Cheatham
80,Donte Grantham
81,Shelton Mitchell 
82,Isaac Haas
83,B.J. Stith 
84,Phil Booth
85,Jordan Barnett
86,Jared Nickens 
87,Justin Bibbs
88,Joe Burton 
89,Trayvon Reed 
90,Tadric Jackson 
91,Vic Law
92,Domantas Sabonis
93,Namon Wright 
94,Makinde London 
95,Sviatoslav Mykhailiuk
96,Michal Cekovsky 
97,Devin Mitchell 
98,Mikal Bridges
99,Detrick Mostella 
100,Malik Marquetti 
1,Ben Simmons
2,Skal Labissiere
3,Jaylen Brown
4,Brandon Ingram
5,Ivan Rabb
6,Cheick Diallo
7,Diamond Stone
8,Malik Newman
9,Henry Ellenson
10,Stephen Zimmerman
11,Isaiah Briscoe
12,Allonzo Trier
13,Derryck Thornton 
14,Chase Jeter 
15,Antonio Blakeney
16,Caleb Swanigan
17,Dwayne Bacon
18,Ray Smith
19,Jalen Brunson
20,Jalen Adams
21,Luke Kennard
22,Carlton Bragg 
23,Tyler Dorsey
24,Perry Dozier
25,Thomas Bryant
26,Deyonta Davis
27,Donovan Mitchell
28,Jawun Evans
29,Malachi Richardson
30,Justin Simon
31,D.J. Hogg
32,Dedric Lawson
33,Tyler Davis
34,Deng Adel
35,Chimezie Metu
36,Prince Ali 
37,Malik Beasley
38,Jalen Coleman-Lands 
39,Kerwin Roach 
40,Elijah Thomas 
41,Raymond Spalding
42,Jessie Govan 
43,Derrick Jones
44,Daniel Giddens 
45,Dejounte Murray
46,K.J. Lawson 
47,Eric Davis 
48,Chance Comanche 
49,Esa Ahmad 
50,Charles Matthews 
51,Austin Grandstaff 
52,Marquese Chriss
53,Tevin Mack 
54,Stephen Thompson 
55,Bennie Boatwright 
56,LaGerald Vick 
57,Brandon Sampson
58,Horace Spencer 
59,Ted Kapita 
60,Aaron Holiday
61,Chris Clarke 
62,Steve Enoch 
63,Justin Patton
64,KeVaughn Allen 
65,Jimmy Whitt 
66,King McClure 
67,Matthew McQuaid 
68,Moustapha Diagne
69,Jeremy Hemsley 
70,Danjel Purifoy 
71,Jamal Murray
72,Tyler Lydon
73,Doral Moore
74,Thon Maker
75,Noah Dickerson 
76,Marcus LoVett 
77,Brevin Pritzl 
78,D.J. Williams 
79,Franklin Howard 
80,Glynn Watson 
81,Corey Sanders 
82,Kevarrius Hayes 
83,Maverick Rowan 
84,Jaquan Lyle 
85,Ed Morrow 
86,Admon Gilder 
87,Haanif Cheatham 
88,Trevor Manuel 
89,Shake Milton
90,Kenny Williams 
91,Tres Tinkle 
92,Keith Stone 
93,Marcus Derrickson
94,Bryant Crawford 
95,Justin Robinson
96,Matt Heldt 
97,Moritz Wagner
98,A.J. Harris 
99,Kobie Eubanks 
100,Quinndary Weatherspoon
1,Josh Jackson
2,Harry Giles
3,Lonzo Ball
4,Jayson Tatum
5,Markelle Fultz
6,De'Aaron Fox
7,Jonathan Isaac
8,Bam Adebayo
9,Malik Monk
10,Miles Bridges
11,Marques Bolden
12,Terrance Ferguson
13,Wenyen Gabriel
14,Frank Jackson
15,Jarrett Allen
16,TJ Leaf
17,Omari Spellman
18,Mustapha Heron 
19,Tony Bradley
20,Joshua Langford 
21,Rawle Alkins
22,Sacha Killeya-Jones 
23,Andrew Jones 
24,Kobi Simmons
25,V.J. King
26,Bruce Brown
27,Dewan Hernandez
28,Zach Collins
29,Cassius Winston 
30,Alterique Gilbert 
31,Tyus Battle 
32,Kyle Guy
33,Udoka Azubuike 
34,Ike Anigbogu
35,Javin DeLaurier 
36,Shamorie Ponds
37,Thon Maker
38,Kameron McGusty 
39,Sam Cunliffe 
40,Amir Coffey
41,Seventh Woods 
42,De'Ron Davis 
43,Tony Carr
44,Nick Ward 
45,Payton Pritchard 
46,Ty Jerome
47,De'Riante Jenkins 
48,Mario Kegler 
49,Dennis Smith
50,Juwan Durham 
51,Robert Williams
52,Schnider Herard 
53,Kevin Huerter
54,Zavier Simpson 
55,Dejon Jarreau 
56,Braxton Key 
57,Anthony Cowan 
58,Charlie Moore 
59,Jaylen Fisher 
60,Matthew Moyer 
61,Jay Huff 
62,Brendan Bailey 
63,Tyler Cook
64,James Banks 
65,Brandon Robinson 
66,Derek Funderburk 
67,Jarron Cumberland 
68,JJ Caldwell 
69,Trent Forrest 
70,Vance Jackson 
71,Markus Howard 
72,Lauri Markkanen
73,Omer Yurtseven 
74,De'Andre Hunter
75,Jonah Mathews 
76,Curtis Jones 
77,Quentin Goodin 
78,Temple Gibbs 
79,Mark Vital 
80,Yoeli Childs 
81,Romello White 
82,Tyree Crump 
83,Lamar Peters
84,Taurean Thompson 
85,Tyson Carter 
86,Jaquori McLaughlin 
87,Jared Harper
88,Markell Johnson 
89,Gavin Baxter 
90,M.J. Cage 
91,Eli Wright 
92,Justin Jackson
93,Bruno Fernando
94,Jayce Johnson 
95,Sam Hauser 
96,Chris Lewis 
97,Kristian Doolittle 
98,Jethro Tshisumpa 
99,Keith Smith 
100,Abdul Ado 
1,Marvin Bagley III
2,Michael Porter Jr.
3,DeAndre Ayton
4,Mohamed Bamba
5,Trevon Duval
6,Collin Sexton
7,Wendell Carter
8,Mitchell Robinson
9,Jaren Jackson
10,Kevin Knox
11,Brandon McCoy
12,Troy Brown
13,Jarred Vanderbilt
14,PJ Washington
15,Gary Trent Jr.
16,Brian Bowen
17,Lonnie Walker
18,Nick Richards 
19,Billy Preston
20,Kris Wilkes
21,Trae Young
22,Jaylen Hands
23,Quade Green 
24,M.J. Walker 
25,Malik Williams 
26,Nick Weatherspoon 
27,Jalek Felton 
28,John Petty 
29,Paul Scruggs 
30,Shai Gilgeous-Alexander
31,Lindell Wigginton
32,Ethan Thompson 
33,Nickeil Alexander-Walker
34,Chaundee Brown 
35,Brandon Randolph 
36,Charles O'Bannon 
37,Daniel Gafford
38,Tremont Waters
39,Makai Ashton-Langford 
40,Jeremiah Tilmon 
41,Kezie Okpala
42,Emmanuel Akot 
43,D.J. Harvey 
44,Cody Riley 
45,Jermaine Samuels 
46,Hamidou Diallo
47,Matt Coleman 
48,Chuma Okeke
49,Rayshaun Hammonds 
50,Daejon Davis 
51,Jericho Sims 
52,Jordan Goodwin 
53,Jontay Porter
54,Marcus Garrett 
55,Kimani Lawrence 
56,Savion Flagg 
57,Naji Marshall 
58,Davion Mitchell 
59,Jordan Tucker 
60,Ira Lee 
61,Isaiah Washington 
62,Josh Anderson 
63,Ike Obiagu 
64,Jalen Hill 
65,Chris Lykes 
66,Jaylen Nowell
67,Nojel Eastern 
68,Nate Reuvers 
69,Alex O'Connell 
70,Bruno Fernando
71,Darius Perry 
72,Jemarl Baker 
73,Jordan Nwora 
74,Dhamir Cosby-Roundtree 
75,D'Shawn Schwartz 
76,Mitchell Ballock 
77,Sidney Wilson 
78,Jase Febres 
79,Derek Culver 
80,Myles Cale 
81,Wabissa Bede 
82,Kellan Grady 
83,Kaleb Wesson 
84,Xavier Tillman 
85,Branden Carlson 
86,Khalil Garland 
87,Justin Smith 
88,Jamorko Pickett 
89,Darryl Morsell 
90,Mark Smith 
91,Jacob Epperson 
92,Deaundrae Ballard 
93,Alex Reese 
94,Luka Garza 
95,Terrance Lewis 
96,Ty-Shon Alexander 
97,Isaiah Stokes 
98,Oscar Da Silva 
99,Hameir Wright 
100,Jordan Poole
1,R.J. Barrett
2,Cam Reddish
3,Nassir Little
4,Zion Williamson
5,Romeo Langford
6,Bol Bol
7,Anfernee Simons
8,Quentin Grimes 
9,Charles Bassey 
10,Simisola Shittu
11,EJ Montgomery 
12,Keldon Johnson
13,Tre Jones 
14,Ashton Hagans 
15,Darius Garland
16,Jalen Smith 
17,Darius Bazley
18,Naz Reid
19,Jaylen Hoard
20,Jordan Brown 
21,Devon Dotson 
22,Louis King
23,Immanuel Quickley 
24,Moses Brown
25,Andrew Nembhard 
26,Emmitt Williams 
27,Coby White
28,Kevin Porter Jr
29,Jahvon Quinerly 
30,Reggie Perry 
31,David McCormack 
32,Ayo Dosunmu 
33,Ja'vonte Smart 
34,Brandon Williams 
35,Tyler Herro
36,Taeshon Cherry 
37,Joey Baker 
38,Shareef O'Neal 
39,Cole Swider 
40,Will Richardson 
41,Aaron Wiggins 
42,Courtney Ramey 
43,Elijah Weaver 
44,Gerald Liddell 
45,Jules Bernard 
46,Khavon Moore 
47,David Duke 
48,A.J. Reeves 
49,Michael Devoe 
50,Daniel Oturu 
51,Talen Horton-Tucker
52,Jalen Carey 
53,Brandon Slater 
54,Joe Wieskamp 
55,Kamaka Hepa 
56,Robert Woodard 
57,Jerome Hunter 
58,Joey Hauser 
59,Darius Days 
60,Cormac Ryan 
61,Nate Laszewski 
62,Marcus Bingham 
63,Aaron Nesmith 
64,Rechon Black 
65,Carte'Are Gordon 
66,Miles Norris 
67,Brandon Johns Jr 
68,Luther Muhammad 
69,Keyontae Johnson 
70,Jairus Hamilton 
71,Devonaire Doutrive 
72,Landers Nolley 
73,Matt Bradley 
74,Ignas Brazdeikis
75,Jaedon Ledee 
76,Luguentz Dort
77,Noah Locke 
78,Foster Loyer 
79,AJ Green 
80,Tyler Harris 
81,Filip Petrusev 
82,J'Raan Brooks 
83,David Singleton 
84,Eric Ayala 
85,Derek Culver 
86,Pete Nance 
87,Matthew Mayer 
88,Jermaine Harris 
89,James Akinjo 
90,Miller Kopp 
91,A.J. Lawson 
92,Robby Carmody 
93,Prentiss Hubb 
94,Isaiah Mucius 
95,Bryce Hamilton 
96,Elias Valtonen 
97,Jared Butler 
98,Manny Bates 
99,Noah Kirkwood 
100,Colin Castleton 
1,James Wiseman 
2,Isaiah Stewart 
3,Cole Anthony 
4,Anthony Edwards 
5,Vernon Carey 
6,Nico Mannion 
7,Jaden McDaniels 
8,R.J. Hampton
9,Scottie Lewis 
10,Tyrese Maxey 
11,Khalil Whitney 
12,Matthew Hurt 
13,Josh Green 
14,Precious Achiuwa 
15,Jeremiah Robinson-Earl 
16,Bryan Antoine 
17,Trendon Watford 
18,Isaiah Mobley 
19,Onyeka Okongwu 
20,Samuell Williamson 
21,Josiah James 
22,Tre Mann 
23,Armando Bacot 
24,Keion Brooks 
25,Wendell Moore 
26,Trace Jackson-Davis 
27,C.J. Walker 
28,Oscar Tshebwe 
29,Patrick Williams 
30,Jahmius Ramsey 
31,D.J. Carton 
32,Will Baker 
33,Cassius Stanley 
34,Johnny Juzang 
35,"Mark ""Rocket"" Watts "
36,"Rejean ""Boogie"" Ellis "
37,Isaac Okoro 
38,Zeke Nnaji 
39,Jalen Lecque
40,LaMelo Ball
41,E.J. Liddell 
42,Drew Timme 
43,Kofi Cockburn 
44,De’Vion Harmon 
45,D.J. Jeffries 
46,Omar Payne 
47,Alonzo Gaffney 
48,Anton Watson 
49,Aidan Igiehon 
50,Kai Jones 
51,Jalen Wilson 
52,Justin Moore 
53,Romeo Weems 
54,Max Agbonkpolo 
55,Malik Hall 
56,Harlond Beverly 
57,Terry Armstrong
58,Casey Morsell 
59,Pavel Zakharov 
60,Lester Quinones 
61,Greg Gantt 
62,Akok Akok 
63,Christian Brown 
64,Balsa Koprivica 
65,Kadin Shedrick 
66,"Donovan ""Trey"" Williams "
67,Eric Dixon 
68,Makhi Mitchell 
69,Patrick McCaffery 
70,Anthony Harris 
71,Isaac Johnson
72,James Bouknight 
73,P.J. Fuller 
74,Tristan Enaruna 
75,Jaykwon Walton 
76,Isaiah Wong 
77,Latrayvion Jackson 
78,RaeQuan Battle 
79,David Johnson 
80,Jalen Cone 
81,Terrence Shannon 
82,Juwan Gary 
83,Dekeyvan “KyKy” Tandy 
84,Marcus Watson 
85,Sahvir Wheeler 
86,Tre Mitchell 
87,Martynas Araluskas 
88,Tyrell Terry 
89,Nah'shon Hyland 
90,Robbie Beran 
91,Brycen Goodine 
92,Dontaie Allen 
93,Chol Marial 
94,Chandler Lawson 
95,Oumar Ballo 
96,Cole Bajema 
97,Jaimie Jacquez 
98,Jaylen Forbes 
99,Jaden Shackelford 
100,Rylan Jones 
